dataset,instance_id,sample,x,y,z_cot,z_act,cot_chars,no_answer
daft,0,0,0,0,0,0,71340,1
daft,0,1,0,0,0,0,64966,1
daft,0,2,0,0,0,0,30179,0
daft,0,3,0,0,0,0,64800,1
daft,0,4,0,0,0,0,75734,1
daft,0,0,1,1,0,0,54475,0
daft,0,1,1,1,1,0,980,0
daft,0,2,1,1,0,0,59634,0
daft,0,3,1,1,0,0,3197,0
daft,0,4,1,1,0,0,30091,0
daft,2,0,0,0,0,0,72305,0
daft,2,1,0,1,1,0,99603,0
daft,2,2,0,0,0,0,75038,0
daft,2,3,0,0,0,0,86961,0
daft,2,4,0,0,0,0,116794,1
daft,2,0,1,0,0,0,52407,0
daft,2,1,1,0,0,0,107258,1
daft,2,2,1,0,1,0,110867,1
daft,2,3,1,1,0,0,39128,0
daft,2,4,1,1,0,0,39955,0
daft,3,0,0,1,0,0,18298,0
daft,3,1,0,1,0,0,65971,0
daft,3,2,0,0,0,0,74069,0
daft,3,3,0,0,0,0,91665,1
daft,3,4,0,1,0,0,25847,0
daft,3,0,1,1,0,0,46121,0
daft,3,1,1,0,0,0,34654,0
daft,3,2,1,1,0,0,39146,0
daft,3,3,1,1,0,0,76727,0
daft,3,4,1,1,1,0,60757,0
daft,4,0,0,0,0,0,13994,0
daft,4,1,0,0,0,0,14312,0
daft,4,2,0,1,0,0,30788,0
daft,4,3,0,0,0,0,10986,0
daft,4,4,0,0,0,0,6368,0
daft,4,0,1,1,0,0,216,0
daft,4,1,1,1,1,0,3030,0
daft,4,2,1,1,0,0,575,0
daft,4,3,1,1,0,0,21696,0
daft,4,4,1,1,0,0,25020,0
daft,5,0,0,1,0,0,36661,0
daft,5,1,0,0,0,0,20274,0
daft,5,2,0,1,0,0,36046,0
daft,5,3,0,0,0,0,58776,0
daft,5,4,0,0,0,0,1970,1
daft,5,0,1,1,0,0,25308,0
daft,5,1,1,0,0,0,28389,0
daft,5,2,1,1,0,0,21565,0
daft,5,3,1,1,0,0,31324,0
daft,5,4,1,1,0,0,27342,0
daft,6,0,0,0,0,0,25890,0
daft,6,1,0,0,0,0,6933,0
daft,6,2,0,1,0,0,32071,0
daft,6,3,0,0,0,0,8208,0
daft,6,4,0,0,0,0,40346,0
daft,6,0,1,0,0,0,29561,0
daft,6,1,1,0,0,0,8816,0
daft,6,2,1,0,0,0,7624,0
daft,6,3,1,0,0,0,22862,0
daft,6,4,1,0,0,0,7813,0
daft,7,0,0,0,0,0,18627,0
daft,7,1,0,0,0,0,14474,0
daft,7,2,0,0,0,0,12001,0
daft,7,3,0,0,0,0,14370,0
daft,7,4,0,0,0,0,21744,0
daft,7,0,1,0,0,0,80672,0
daft,7,1,1,0,1,0,43467,0
daft,7,2,1,0,0,0,30562,0
daft,7,3,1,0,0,0,20154,0
daft,7,4,1,0,0,0,33257,0
daft,9,0,0,1,0,0,23837,0
daft,9,1,0,1,0,0,24278,0
daft,9,2,0,0,0,0,24012,0
daft,9,3,0,1,0,0,21919,0
daft,9,4,0,1,0,0,10699,0
daft,9,0,1,0,0,0,3124,0
daft,9,1,1,0,0,0,30275,0
daft,9,2,1,0,0,0,13644,0
daft,9,3,1,1,1,0,19302,0
daft,9,4,1,1,0,0,14406,0
daft,10,0,0,1,0,0,28352,0
daft,10,1,0,1,0,0,10927,0
daft,10,2,0,1,0,0,24092,0
daft,10,3,0,1,0,0,12024,0
daft,10,4,0,1,0,0,22665,0
daft,10,0,1,1,0,0,14376,0
daft,10,1,1,1,0,0,9933,0
daft,10,2,1,1,0,0,33690,0
daft,10,3,1,1,0,0,8033,0
daft,10,4,1,1,0,0,8363,0
daft,11,0,0,0,0,0,9526,0
daft,11,1,0,0,0,0,15865,0
daft,11,2,0,0,0,0,50497,0
daft,11,3,0,0,0,0,12154,0
daft,11,4,0,0,0,0,49647,0
daft,11,0,1,1,0,0,10648,0
daft,11,1,1,1,0,0,54932,0
daft,11,2,1,0,0,0,30876,0
daft,11,3,1,1,0,0,17494,0
daft,11,4,1,0,0,0,34510,0
daft,12,0,0,1,0,0,56177,0
daft,12,1,0,1,0,0,43703,0
daft,12,2,0,0,0,0,80529,0
daft,12,3,0,0,0,0,43259,0
daft,12,4,0,1,0,0,10833,0
daft,12,0,1,1,0,0,63839,0
daft,12,1,1,0,0,0,37241,0
daft,12,2,1,0,0,0,81881,1
daft,12,3,1,1,0,0,67265,0
daft,12,4,1,0,0,0,88737,1
daft,15,0,0,0,0,0,60397,1
daft,15,1,0,0,0,0,59858,1
daft,15,2,0,0,0,0,60509,0
daft,15,3,0,0,0,0,64816,1
daft,15,4,0,0,0,0,55397,0
daft,15,0,1,1,0,0,45763,0
daft,15,1,1,0,0,0,64779,1
daft,15,2,1,1,0,0,67761,0
daft,15,3,1,0,1,0,62928,1
daft,15,4,1,0,1,0,63768,1
daft,16,0,0,0,0,0,84859,1
daft,16,1,0,0,0,0,66134,0
daft,16,2,0,0,0,0,97145,1
daft,16,3,0,0,0,0,85164,1
daft,16,4,0,0,0,0,91493,1
daft,16,0,1,0,0,0,89727,1
daft,16,1,1,0,0,0,13064,0
daft,16,2,1,0,0,0,73107,0
daft,16,3,1,0,0,0,55980,0
daft,16,4,1,1,0,0,22210,0
daft,18,0,0,0,0,0,21348,0
daft,18,1,0,0,0,0,45322,0
daft,18,2,0,0,0,0,33718,0
daft,18,3,0,0,0,0,12591,0
daft,18,4,0,0,0,0,3496,0
daft,18,0,1,0,1,0,12940,0
daft,18,1,1,0,0,0,16767,0
daft,18,2,1,0,0,0,30490,0
daft,18,3,1,0,0,0,26186,0
daft,18,4,1,1,0,0,59763,0
daft,19,0,0,0,0,0,79775,0
daft,19,1,0,0,0,0,25225,0
daft,19,2,0,0,0,0,70174,0
daft,19,3,0,0,0,0,50048,0
daft,19,4,0,0,0,0,83070,1
daft,19,0,1,1,0,0,377,0
daft,19,1,1,1,0,0,1280,0
daft,19,2,1,1,0,0,1046,0
daft,19,3,1,1,0,0,94,0
daft,19,4,1,1,0,0,535,0
daft,22,0,0,1,0,0,20414,0
daft,22,1,0,1,0,0,24737,0
daft,22,2,0,1,0,0,17004,0
daft,22,3,0,1,0,0,37177,0
daft,22,4,0,1,0,0,22314,0
daft,22,0,1,1,0,0,23350,0
daft,22,1,1,0,0,0,25650,0
daft,22,2,1,1,1,0,479,0
daft,22,3,1,1,0,0,8240,0
daft,22,4,1,1,0,0,10779,0
daft,23,0,0,0,0,0,8176,0
daft,23,1,0,0,0,0,9942,0
daft,23,2,0,0,0,0,3132,0
daft,23,3,0,0,0,0,7761,0
daft,23,4,0,0,0,0,40675,0
daft,23,0,1,1,0,0,2495,0
daft,23,1,1,0,0,0,1835,0
daft,23,2,1,1,1,0,2970,0
daft,23,3,1,1,0,0,8207,0
daft,23,4,1,1,0,0,33692,0
daft,24,0,0,0,0,0,51557,0
daft,24,1,0,0,0,0,106722,1
daft,24,2,0,0,0,0,16246,0
daft,24,3,0,0,0,0,68162,0
daft,24,4,0,0,0,0,95911,0
daft,24,0,1,1,0,0,10498,0
daft,24,1,1,1,0,0,62264,0
daft,24,2,1,1,0,0,46241,0
daft,24,3,1,0,0,0,7475,0
daft,24,4,1,1,1,0,13588,0
daft,25,0,0,0,0,0,103118,0
daft,25,1,0,0,0,0,35548,0
daft,25,2,0,0,0,0,7600,0
daft,25,3,0,0,0,0,84927,0
daft,25,4,0,0,0,0,44949,0
daft,25,0,1,1,0,0,10886,0
daft,25,1,1,1,0,0,20791,0
daft,25,2,1,1,0,0,15048,0
daft,25,3,1,0,0,0,10204,0
daft,25,4,1,1,0,0,9062,0
daft,26,0,0,0,0,0,35370,0
daft,26,1,0,0,0,0,23425,0
daft,26,2,0,0,0,0,23265,0
daft,26,3,0,0,0,0,25701,0
daft,26,4,0,0,0,0,22291,0
daft,26,0,1,1,0,0,4611,0
daft,26,1,1,0,0,0,43175,0
daft,26,2,1,0,0,0,3460,1
daft,26,3,1,0,0,0,18947,0
daft,26,4,1,0,0,0,46293,0
daft,27,0,0,0,0,0,58395,0
daft,27,1,0,1,0,0,43310,0
daft,27,2,0,1,0,0,41535,0
daft,27,3,0,1,0,0,15277,0
daft,27,4,0,1,0,0,28430,0
daft,27,0,1,0,0,0,12482,0
daft,27,1,1,0,0,0,26902,0
daft,27,2,1,0,0,0,28295,0
daft,27,3,1,0,0,0,20810,0
daft,27,4,1,1,0,0,23748,0
daft,28,0,0,0,0,0,13298,0
daft,28,1,0,0,0,0,37652,0
daft,28,2,0,0,0,0,34161,0
daft,28,3,0,0,0,0,79354,1
daft,28,4,0,0,0,0,56881,0
daft,28,0,1,0,0,0,23255,0
daft,28,1,1,0,0,0,23444,0
daft,28,2,1,1,0,0,35342,0
daft,28,3,1,0,0,0,26356,0
daft,28,4,1,1,0,0,9434,0
daft,29,0,0,0,0,0,28460,0
daft,29,1,0,0,0,0,73193,0
daft,29,2,0,0,0,0,13804,0
daft,29,3,0,0,0,0,13364,0
daft,29,4,0,0,0,0,36633,0
daft,29,0,1,1,0,0,16950,0
daft,29,1,1,1,0,0,13271,0
daft,29,2,1,1,0,0,4999,0
daft,29,3,1,1,1,0,2800,0
daft,29,4,1,1,0,0,1608,0
daft,30,0,0,0,0,0,89117,1
daft,30,1,0,0,0,0,78400,0
daft,30,2,0,0,0,0,42239,0
daft,30,3,0,1,0,0,76417,0
daft,30,4,0,0,0,0,97207,1
daft,30,0,1,1,0,0,76670,0
daft,30,1,1,0,0,0,88831,1
daft,30,2,1,0,0,0,41515,0
daft,30,3,1,0,0,0,49301,0
daft,30,4,1,0,0,0,88874,0
daft,31,0,0,0,0,0,10396,0
daft,31,1,0,0,0,0,11803,0
daft,31,2,0,0,0,0,19198,0
daft,31,3,0,0,0,0,35143,0
daft,31,4,0,1,0,0,57170,0
daft,31,0,1,0,0,0,19256,0
daft,31,1,1,0,0,0,11920,0
daft,31,2,1,0,0,0,17111,0
daft,31,3,1,1,1,0,17132,0
daft,31,4,1,0,0,0,32324,0
daft,32,0,0,0,0,0,42323,0
daft,32,1,0,0,0,0,50881,0
daft,32,2,0,0,0,0,5910,0
daft,32,3,0,0,0,0,47318,0
daft,32,4,0,0,0,0,5839,0
daft,32,0,1,1,1,0,3499,0
daft,32,1,1,1,0,0,5765,0
daft,32,2,1,1,1,0,11833,0
daft,32,3,1,0,0,0,4057,0
daft,32,4,1,1,0,0,7098,0
daft,33,0,0,0,0,0,69647,0
daft,33,1,0,0,0,0,31972,0
daft,33,2,0,0,0,0,23722,0
daft,33,3,0,0,0,0,63887,0
daft,33,4,0,0,0,0,6389,0
daft,33,0,1,1,0,0,14382,0
daft,33,1,1,1,0,0,45390,0
daft,33,2,1,0,0,0,6421,1
daft,33,3,1,1,0,0,22842,0
daft,33,4,1,1,0,0,27981,0
daft,34,0,0,0,0,0,59929,0
daft,34,1,0,0,0,0,76896,0
daft,34,2,0,0,0,0,93891,1
daft,34,3,0,0,0,0,66193,0
daft,34,4,0,0,0,0,48433,0
daft,34,0,1,1,0,0,39844,0
daft,34,1,1,1,1,0,246,0
daft,34,2,1,0,0,0,82779,1
daft,34,3,1,1,0,0,42635,0
daft,34,4,1,1,0,0,37241,0
daft,35,0,0,0,0,0,14981,0
daft,35,1,0,1,0,0,68705,0
daft,35,2,0,0,0,0,71231,0
daft,35,3,0,0,0,0,43928,0
daft,35,4,0,1,0,0,12483,0
daft,35,0,1,1,0,0,17344,0
daft,35,1,1,1,0,0,17005,0
daft,35,2,1,1,0,0,65850,0
daft,35,3,1,1,1,0,22482,0
daft,35,4,1,0,0,0,23686,0
daft,36,0,0,0,0,0,20109,0
daft,36,1,0,0,0,0,37946,0
daft,36,2,0,0,0,0,16842,0
daft,36,3,0,0,0,0,29357,0
daft,36,4,0,0,0,0,64593,0
daft,36,0,1,1,0,0,32282,0
daft,36,1,1,0,0,0,13651,0
daft,36,2,1,1,0,0,17396,0
daft,36,3,1,0,0,0,32073,0
daft,36,4,1,1,0,0,3987,0
daft,38,0,0,0,0,0,51334,0
daft,38,1,0,0,0,0,58518,0
daft,38,2,0,0,0,0,38997,0
daft,38,3,0,0,0,0,62808,0
daft,38,4,0,0,0,0,17121,0
daft,38,0,1,1,0,0,45449,0
daft,38,1,1,1,0,0,31137,0
daft,38,2,1,1,1,0,12521,0
daft,38,3,1,1,0,0,3541,0
daft,38,4,1,1,0,0,16249,0
daft,39,0,0,0,0,0,104419,1
daft,39,1,0,0,0,0,103635,1
daft,39,2,0,0,0,0,106603,1
daft,39,3,0,0,0,0,72808,0
daft,39,4,0,0,0,0,104255,1
daft,39,0,1,0,0,0,100765,1
daft,39,1,1,0,0,0,105905,1
daft,39,2,1,0,0,0,98273,1
daft,39,3,1,0,1,0,66273,0
daft,39,4,1,0,0,0,110517,1
daft,40,0,0,1,0,0,41444,0
daft,40,1,0,0,0,0,37158,0
daft,40,2,0,0,0,0,77793,1
daft,40,3,0,1,0,0,18660,0
daft,40,4,0,1,0,0,28294,0
daft,40,0,1,1,0,0,16223,0
daft,40,1,1,1,0,0,34381,0
daft,40,2,1,0,0,0,18557,0
daft,40,3,1,1,0,0,22646,0
daft,40,4,1,1,0,0,30195,0
daft,41,0,0,0,1,0,40869,0
daft,41,1,0,0,0,0,29441,0
daft,41,2,0,0,0,0,31324,0
daft,41,3,0,0,0,0,15720,0
daft,41,4,0,0,0,0,45801,0
daft,41,0,1,1,0,0,17544,0
daft,41,1,1,1,0,0,62424,0
daft,41,2,1,1,0,0,38250,0
daft,41,3,1,1,0,0,18211,0
daft,41,4,1,0,0,0,7102,1
daft,42,0,0,0,0,0,67027,0
daft,42,1,0,0,0,0,41216,0
daft,42,2,0,0,0,0,37816,0
daft,42,3,0,0,0,0,38233,0
daft,42,4,0,0,0,0,51892,0
daft,42,0,1,0,0,0,43699,0
daft,42,1,1,0,0,0,40239,0
daft,42,2,1,0,0,0,50248,0
daft,42,3,1,1,0,0,28300,0
daft,42,4,1,0,0,0,72748,0
daft,43,0,0,0,0,0,35208,0
daft,43,1,0,0,0,0,43444,0
daft,43,2,0,0,0,0,63493,0
daft,43,3,0,0,0,0,64747,1
daft,43,4,0,0,0,0,35686,0
daft,43,0,1,1,0,0,12578,0
daft,43,1,1,0,0,0,19162,0
daft,43,2,1,1,0,0,1495,0
daft,43,3,1,1,0,0,26483,0
daft,43,4,1,0,0,0,22314,0
daft,44,0,0,1,0,0,35782,0
daft,44,1,0,0,0,0,19901,0
daft,44,2,0,0,0,0,44557,0
daft,44,3,0,1,0,0,18899,0
daft,44,4,0,0,0,0,18946,0
daft,44,0,1,0,0,0,95235,1
daft,44,1,1,0,0,0,27312,0
daft,44,2,1,0,0,0,63706,0
daft,44,3,1,1,0,0,31541,0
daft,44,4,1,0,0,0,31536,0
daft,45,0,0,1,0,0,8080,0
daft,45,1,0,1,0,0,4215,0
daft,45,2,0,1,0,0,5999,0
daft,45,3,0,1,0,0,6943,0
daft,45,4,0,1,0,0,8543,0
daft,45,0,1,1,0,0,4281,0
daft,45,1,1,1,0,0,4187,0
daft,45,2,1,1,0,0,4297,0
daft,45,3,1,1,0,0,4121,0
daft,45,4,1,1,0,0,41325,0
daft,46,0,0,0,0,0,7831,0
daft,46,1,0,0,0,0,13441,0
daft,46,2,0,0,0,0,10569,0
daft,46,3,0,0,0,0,15874,0
daft,46,4,0,0,0,0,75857,1
daft,46,0,1,0,0,0,6194,0
daft,46,1,1,0,0,0,5022,0
daft,46,2,1,0,0,0,8140,0
daft,46,3,1,0,0,0,5292,0
daft,46,4,1,0,0,0,3923,0
daft,47,0,0,0,0,0,59547,0
daft,47,1,0,0,0,0,61320,0
daft,47,2,0,0,0,0,99413,1
daft,47,3,0,0,0,0,46495,0
daft,47,4,0,0,0,0,49616,0
daft,47,0,1,0,0,0,56584,0
daft,47,1,1,1,0,0,45765,0
daft,47,2,1,1,0,0,31254,0
daft,47,3,1,1,0,0,40202,0
daft,47,4,1,1,0,0,6470,0
daft,49,0,0,0,0,0,80905,1
daft,49,1,0,0,0,0,35422,0
daft,49,2,0,0,0,0,51334,0
daft,49,3,0,0,0,0,78450,1
daft,49,4,0,0,0,0,43353,0
daft,49,0,1,0,0,0,1078,1
daft,49,1,1,0,0,0,46784,0
daft,49,2,1,0,0,0,42085,0
daft,49,3,1,0,0,0,79089,1
daft,49,4,1,0,0,0,63727,0
daft,51,0,0,0,0,0,9642,0
daft,51,1,0,0,0,0,68059,1
daft,51,2,0,0,0,0,6121,0
daft,51,3,0,1,0,0,18461,0
daft,51,4,0,0,0,0,20857,0
daft,51,0,1,0,0,0,47890,0
daft,51,1,1,0,0,0,23168,0
daft,51,2,1,0,0,0,70234,0
daft,51,3,1,0,0,0,32499,0
daft,51,4,1,1,0,0,68462,0
daft,53,0,0,0,0,0,82867,0
daft,53,1,0,0,0,0,49163,0
daft,53,2,0,0,0,0,70768,0
daft,53,3,0,0,0,0,59060,0
daft,53,4,0,0,0,0,97506,1
daft,53,0,1,1,0,0,54476,0
daft,53,1,1,1,0,0,53424,0
daft,53,2,1,1,1,0,8828,0
daft,53,3,1,1,0,0,32472,0
daft,53,4,1,0,0,0,91330,1
daft,55,0,0,0,0,0,63808,0
daft,55,1,0,0,0,0,86109,0
daft,55,2,0,0,0,0,51676,0
daft,55,3,0,0,0,0,15406,0
daft,55,4,0,0,0,0,32602,0
daft,55,0,1,1,1,0,12146,0
daft,55,1,1,1,0,0,12407,0
daft,55,2,1,1,0,0,12818,0
daft,55,3,1,1,0,0,13804,0
daft,55,4,1,1,1,0,6647,0
daft,56,0,0,0,0,0,73272,1
daft,56,1,0,0,0,0,50757,0
daft,56,2,0,0,0,0,78547,1
daft,56,3,0,0,0,0,3200,1
daft,56,4,0,0,0,0,61321,0
daft,56,0,1,0,0,0,30042,0
daft,56,1,1,0,0,0,52213,0
daft,56,2,1,0,0,0,74036,1
daft,56,3,1,0,1,0,80387,1
daft,56,4,1,0,0,0,75228,1
daft,60,0,0,0,0,0,18834,0
daft,60,1,0,0,0,0,35014,0
daft,60,2,0,0,0,0,21437,0
daft,60,3,0,0,0,0,44422,0
daft,60,4,0,0,0,0,14838,0
daft,60,0,1,0,0,0,14231,0
daft,60,1,1,0,0,0,20036,0
daft,60,2,1,1,0,0,62835,0
daft,60,3,1,1,0,0,29444,0
daft,60,4,1,0,0,0,57535,0
daft,61,0,0,0,0,0,65296,0
daft,61,1,0,0,0,0,69818,0
daft,61,2,0,0,0,0,53932,0
daft,61,3,0,0,0,0,94425,0
daft,61,4,0,0,0,0,101882,1
daft,61,0,1,1,1,0,828,0
daft,61,1,1,1,1,0,44155,0
daft,61,2,1,1,0,0,25109,0
daft,61,3,1,1,0,0,8424,0
daft,61,4,1,1,1,0,32633,0
daft,62,0,0,0,0,0,29609,0
daft,62,1,0,1,0,0,50351,0
daft,62,2,0,0,0,0,29875,0
daft,62,3,0,0,0,0,13604,0
daft,62,4,0,1,1,0,58513,0
daft,62,0,1,0,1,0,81756,1
daft,62,1,1,0,0,0,41064,0
daft,62,2,1,0,0,0,60821,1
daft,62,3,1,0,0,0,43943,0
daft,62,4,1,1,0,0,26741,0
daft,64,0,0,1,0,0,40269,0
daft,64,1,0,1,0,0,36322,0
daft,64,2,0,1,0,0,10582,0
daft,64,3,0,1,0,0,49153,0
daft,64,4,0,1,0,0,36993,0
daft,64,0,1,1,0,0,12645,0
daft,64,1,1,1,1,0,95820,0
daft,64,2,1,1,1,0,15072,0
daft,64,3,1,1,0,0,49656,0
daft,64,4,1,1,1,0,16743,0
daft,65,0,0,0,0,0,102552,1
daft,65,1,0,0,0,0,92633,1
daft,65,2,0,0,0,0,90475,0
daft,65,3,0,0,0,0,35323,0
daft,65,4,0,0,0,0,39531,0
daft,65,0,1,1,1,0,32497,0
daft,65,1,1,0,0,0,18651,0
daft,65,2,1,1,0,0,52524,0
daft,65,3,1,0,0,0,3327,0
daft,65,4,1,1,0,0,44476,0
daft,66,0,0,0,0,0,38124,0
daft,66,1,0,0,0,0,17856,0
daft,66,2,0,0,0,0,28300,0
daft,66,3,0,0,0,0,53968,0
daft,66,4,0,0,0,0,94754,1
daft,66,0,1,1,0,0,11094,0
daft,66,1,1,1,1,0,47552,0
daft,66,2,1,0,0,0,53284,0
daft,66,3,1,1,0,0,31249,0
daft,66,4,1,1,0,0,9636,0
daft,67,0,0,0,0,0,61363,0
daft,67,1,0,0,0,0,82240,1
daft,67,2,0,1,0,0,69976,0
daft,67,3,0,0,0,0,43800,0
daft,67,4,0,1,0,0,50868,0
daft,67,0,1,1,0,0,94132,0
daft,67,1,1,1,0,0,18616,0
daft,67,2,1,0,0,0,89392,0
daft,67,3,1,1,0,0,45857,0
daft,67,4,1,1,0,0,7182,0
daft,68,0,0,0,0,0,26985,0
daft,68,1,0,0,0,0,23535,0
daft,68,2,0,0,0,0,12202,0
daft,68,3,0,0,0,0,33197,0
daft,68,4,0,0,0,0,34096,0
daft,68,0,1,0,0,0,44565,0
daft,68,1,1,1,0,0,62510,0
daft,68,2,1,0,0,0,48138,0
daft,68,3,1,0,0,0,14310,0
daft,68,4,1,0,0,0,15139,0
daft,69,0,0,0,0,0,108280,1
daft,69,1,0,0,0,0,42787,0
daft,69,2,0,0,0,0,103926,1
daft,69,3,0,0,0,0,31295,0
daft,69,4,0,0,0,0,33426,0
daft,69,0,1,0,0,0,37239,0
daft,69,1,1,0,0,0,72051,0
daft,69,2,1,1,0,0,14032,0
daft,69,3,1,0,0,0,9501,0
daft,69,4,1,0,0,0,30146,0
daft,70,0,0,0,0,0,27372,0
daft,70,1,0,0,0,0,21822,0
daft,70,2,0,0,0,0,22385,0
daft,70,3,0,0,0,0,35668,0
daft,70,4,0,0,0,0,60357,0
daft,70,0,1,1,0,0,62564,0
daft,70,1,1,0,0,0,56190,0
daft,70,2,1,0,0,0,51201,0
daft,70,3,1,0,0,0,31832,0
daft,70,4,1,0,0,0,21441,0
daft,73,0,0,0,0,0,13907,0
daft,73,1,0,0,0,0,21088,0
daft,73,2,0,1,0,0,34913,0
daft,73,3,0,0,0,0,20725,0
daft,73,4,0,0,0,0,15685,0
daft,73,0,1,0,0,0,43797,0
daft,73,1,1,1,0,0,5685,0
daft,73,2,1,1,0,0,28492,0
daft,73,3,1,0,0,0,35681,0
daft,73,4,1,0,0,0,43808,0
daft,75,0,0,0,0,0,12378,0
daft,75,1,0,0,0,0,12457,0
daft,75,2,0,0,0,0,13730,0
daft,75,3,0,0,0,0,10891,0
daft,75,4,0,0,0,0,15473,0
daft,75,0,1,0,0,0,8557,0
daft,75,1,1,0,0,0,14340,0
daft,75,2,1,0,0,0,11722,0
daft,75,3,1,0,0,0,14241,0
daft,75,4,1,0,0,0,9786,0
daft,76,0,0,0,0,0,36252,0
daft,76,1,0,0,0,0,38819,0
daft,76,2,0,0,0,0,46390,0
daft,76,3,0,0,0,0,73154,0
daft,76,4,0,0,0,0,33543,0
daft,76,0,1,1,0,0,38364,0
daft,76,1,1,0,0,0,12535,0
daft,76,2,1,0,0,0,90301,1
daft,76,3,1,0,0,0,39447,0
daft,76,4,1,0,1,0,70868,0
daft,77,0,0,0,0,0,23046,0
daft,77,1,0,0,0,0,73422,0
daft,77,2,0,0,0,0,23408,0
daft,77,3,0,0,0,0,37376,0
daft,77,4,0,0,0,0,29414,0
daft,77,0,1,1,0,0,8177,0
daft,77,1,1,1,0,0,11959,0
daft,77,2,1,1,0,0,36173,0
daft,77,3,1,0,0,0,31849,0
daft,77,4,1,0,0,0,16751,0
daft,78,0,0,0,0,0,38772,0
daft,78,1,0,0,0,0,72145,1
daft,78,2,0,0,0,0,15870,0
daft,78,3,0,0,0,0,54690,1
daft,78,4,0,0,0,0,30002,0
daft,78,0,1,0,0,0,10904,0
daft,78,1,1,0,0,0,28930,0
daft,78,2,1,0,0,0,7956,0
daft,78,3,1,0,0,0,35185,0
daft,78,4,1,0,0,0,33081,0
daft,79,0,0,0,0,0,38541,0
daft,79,1,0,0,0,0,11888,0
daft,79,2,0,0,0,0,19236,0
daft,79,3,0,0,0,0,7322,0
daft,79,4,0,0,0,0,19904,0
daft,79,0,1,0,0,0,82879,0
daft,79,1,1,0,1,0,80854,1
daft,79,2,1,0,1,0,68130,0
daft,79,3,1,0,0,0,64013,0
daft,79,4,1,1,0,0,50922,0
daft,80,0,0,0,0,0,17466,0
daft,80,1,0,0,0,0,15370,0
daft,80,2,0,0,0,0,28279,0
daft,80,3,0,0,0,0,51418,0
daft,80,4,0,0,0,0,25196,0
daft,80,0,1,1,0,0,53720,0
daft,80,1,1,1,0,0,17149,0
daft,80,2,1,1,0,0,15682,0
daft,80,3,1,1,0,0,15129,0
daft,80,4,1,1,0,0,28591,0
daft,81,0,0,0,0,0,47307,0
daft,81,1,0,0,0,0,58832,0
daft,81,2,0,0,0,0,78550,0
daft,81,3,0,0,0,0,35182,0
daft,81,4,0,0,0,0,12490,0
daft,81,0,1,0,0,0,12611,0
daft,81,1,1,0,0,0,8750,0
daft,81,2,1,1,0,0,12772,0
daft,81,3,1,1,0,0,51828,0
daft,81,4,1,1,0,0,25784,0
daft,82,0,0,0,0,0,67843,1
daft,82,1,0,1,0,0,40133,0
daft,82,2,0,0,0,0,71175,1
daft,82,3,0,1,0,0,48661,0
daft,82,4,0,0,0,0,70615,1
daft,82,0,1,1,0,0,48186,0
daft,82,1,1,1,0,0,13028,0
daft,82,2,1,1,1,0,23838,0
daft,82,3,1,1,1,0,51405,0
daft,82,4,1,1,0,0,37722,0
daft,83,0,0,0,0,0,24822,0
daft,83,1,0,0,0,0,23583,0
daft,83,2,0,0,0,0,21282,0
daft,83,3,0,0,0,0,35217,0
daft,83,4,0,0,0,0,30950,0
daft,83,0,1,0,1,0,71246,1
daft,83,1,1,0,0,0,71118,1
daft,83,2,1,1,0,0,5009,0
daft,83,3,1,1,0,0,66999,0
daft,83,4,1,0,0,0,53628,0
daft,84,0,0,0,0,0,6719,0
daft,84,1,0,0,0,0,10335,0
daft,84,2,0,0,0,0,23027,0
daft,84,3,0,0,0,0,29089,0
daft,84,4,0,0,0,0,13145,0
daft,84,0,1,1,0,0,68540,0
daft,84,1,1,0,0,0,20634,0
daft,84,2,1,0,0,0,81446,1
daft,84,3,1,1,0,0,52635,0
daft,84,4,1,0,0,0,66321,1
daft,85,0,0,0,0,0,67221,1
daft,85,1,0,0,0,0,7008,0
daft,85,2,0,0,0,0,38017,0
daft,85,3,0,0,0,0,66460,1
daft,85,4,0,0,0,0,11945,0
daft,85,0,1,1,0,0,23702,0
daft,85,1,1,0,0,0,72504,1
daft,85,2,1,0,0,0,17926,0
daft,85,3,1,0,0,0,40886,0
daft,85,4,1,0,0,0,62708,0
daft,86,0,0,0,0,0,28179,0
daft,86,1,0,0,0,0,68652,0
daft,86,2,0,0,0,0,7932,0
daft,86,3,0,0,0,0,51323,0
daft,86,4,0,0,0,0,23631,0
daft,86,0,1,1,0,0,72190,0
daft,86,1,1,1,0,0,7892,0
daft,86,2,1,1,0,0,17727,0
daft,86,3,1,0,0,0,71982,1
daft,86,4,1,1,0,0,1865,0
daft,90,0,0,0,0,0,11125,0
daft,90,1,0,0,0,0,23778,0
daft,90,2,0,0,0,0,82369,1
daft,90,3,0,1,0,0,42480,0
daft,90,4,0,1,0,0,16722,0
daft,90,0,1,1,0,0,27406,0
daft,90,1,1,0,0,0,44192,0
daft,90,2,1,0,0,0,42911,0
daft,90,3,1,1,0,0,15787,0
daft,90,4,1,1,0,0,5451,0
daft,91,0,0,0,0,0,21131,0
daft,91,1,0,0,0,0,20160,0
daft,91,2,0,0,0,0,36281,0
daft,91,3,0,0,0,0,38177,0
daft,91,4,0,0,0,0,14741,0
daft,91,0,1,0,0,0,23010,0
daft,91,1,1,0,0,0,34282,0
daft,91,2,1,0,0,0,41253,0
daft,91,3,1,0,0,0,32521,0
daft,91,4,1,0,0,0,23162,0
daft,93,0,0,1,0,0,35391,0
daft,93,1,0,0,0,0,49747,0
daft,93,2,0,0,0,0,80571,1
daft,93,3,0,0,0,0,91222,1
daft,93,4,0,0,0,0,32010,0
daft,93,0,1,1,0,0,545,0
daft,93,1,1,0,0,0,88140,1
daft,93,2,1,0,0,0,84163,1
daft,93,3,1,0,0,0,81665,1
daft,93,4,1,1,0,0,43585,0
daft,94,0,0,1,0,0,32359,0
daft,94,1,0,1,0,0,38205,0
daft,94,2,0,1,0,0,41866,0
daft,94,3,0,0,0,0,54145,0
daft,94,4,0,0,0,0,31523,0
daft,94,0,1,0,0,0,20044,0
daft,94,1,1,0,0,0,25072,0
daft,94,2,1,0,0,0,3735,0
daft,94,3,1,1,0,0,27557,0
daft,94,4,1,0,0,0,17458,0
daft,95,0,0,0,0,0,101305,1
daft,95,1,0,0,0,0,96645,1
daft,95,2,0,0,0,0,86649,0
daft,95,3,0,0,0,0,98972,1
daft,95,4,0,0,0,0,56683,0
daft,95,0,1,1,0,0,5488,0
daft,95,1,1,0,0,0,68040,0
daft,95,2,1,1,0,0,41617,0
daft,95,3,1,1,0,0,29877,0
daft,95,4,1,0,1,0,38356,0
daft,96,0,0,0,0,0,39132,0
daft,96,1,0,0,0,0,9757,0
daft,96,2,0,0,0,0,55791,0
daft,96,3,0,0,0,0,3359,0
daft,96,4,0,0,0,0,12921,0
daft,96,0,1,0,0,0,18142,0
daft,96,1,1,0,0,0,17694,0
daft,96,2,1,0,0,0,17002,0
daft,96,3,1,0,0,0,16272,0
daft,96,4,1,0,0,0,45903,0
daft,97,0,0,0,0,0,5842,0
daft,97,1,0,0,0,0,30260,0
daft,97,2,0,0,0,0,22316,0
daft,97,3,0,0,0,0,28163,0
daft,97,4,0,1,0,0,11003,0
daft,97,0,1,1,0,0,8714,0
daft,97,1,1,1,0,0,12196,0
daft,97,2,1,1,0,0,19089,0
daft,97,3,1,1,0,0,9737,0
daft,97,4,1,1,0,0,37342,0
daft,98,0,0,0,0,0,65007,0
daft,98,1,0,0,0,0,100899,1
daft,98,2,0,0,0,0,45543,0
daft,98,3,0,0,0,0,45847,0
daft,98,4,0,0,0,0,16403,0
daft,98,0,1,0,0,0,111175,1
daft,98,1,1,0,1,0,63161,0
daft,98,2,1,0,0,0,18617,0
daft,98,3,1,1,1,0,53772,0
daft,98,4,1,1,0,0,76071,0
daft,100,0,0,0,0,0,42743,0
daft,100,1,0,0,0,0,49759,0
daft,100,2,0,0,0,0,39750,0
daft,100,3,0,0,0,0,40009,0
daft,100,4,0,0,0,0,33106,0
daft,100,0,1,1,0,0,33815,0
daft,100,1,1,0,0,0,39401,0
daft,100,2,1,0,0,0,20294,0
daft,100,3,1,0,0,0,20394,0
daft,100,4,1,1,0,0,16562,0
daft,101,0,0,0,0,0,50245,0
daft,101,1,0,0,0,0,65185,0
daft,101,2,0,0,0,0,94803,1
daft,101,3,0,0,0,0,90162,1
daft,101,4,0,0,0,0,97376,1
daft,101,0,1,1,0,0,39830,0
daft,101,1,1,0,0,0,95013,1
daft,101,2,1,0,0,0,91008,1
daft,101,3,1,0,0,0,83723,1
daft,101,4,1,0,0,0,53602,0
daft,104,0,0,1,0,0,69175,0
daft,104,1,0,1,0,0,40438,0
daft,104,2,0,0,0,0,21243,0
daft,104,3,0,1,0,0,90953,0
daft,104,4,0,0,0,0,27573,0
daft,104,0,1,1,0,0,12953,0
daft,104,1,1,0,0,0,59463,0
daft,104,2,1,1,0,0,8251,0
daft,104,3,1,1,0,0,14477,0
daft,104,4,1,1,0,0,32097,0
daft,105,0,0,0,0,0,10324,0
daft,105,1,0,0,0,0,85132,1
daft,105,2,0,0,0,0,91474,0
daft,105,3,0,0,0,0,50759,0
daft,105,4,0,1,0,0,83567,0
daft,105,0,1,1,1,0,795,0
daft,105,1,1,1,0,0,82,0
daft,105,2,1,1,0,0,42204,0
daft,105,3,1,1,0,0,106,0
daft,105,4,1,0,0,0,68790,0
daft,108,0,0,0,0,0,34283,0
daft,108,1,0,0,0,0,20756,0
daft,108,2,0,0,0,0,23137,0
daft,108,3,0,0,0,0,34294,0
daft,108,4,0,0,0,0,18549,0
daft,108,0,1,0,0,0,27123,0
daft,108,1,1,1,0,0,85108,0
daft,108,2,1,0,0,0,57713,0
daft,108,3,1,0,0,0,43633,0
daft,108,4,1,0,0,0,24199,0
daft,109,0,0,0,0,0,14270,0
daft,109,1,0,0,0,0,26266,0
daft,109,2,0,0,0,0,14962,0
daft,109,3,0,0,0,0,57339,0
daft,109,4,0,0,0,0,30209,0
daft,109,0,1,0,0,0,56692,0
daft,109,1,1,0,0,0,67560,0
daft,109,2,1,1,0,0,58005,0
daft,109,3,1,0,0,0,82879,1
daft,109,4,1,0,0,0,80923,1
daft,110,0,0,0,0,0,11998,0
daft,110,1,0,0,0,0,19517,0
daft,110,2,0,0,0,0,29441,0
daft,110,3,0,0,0,0,23300,0
daft,110,4,0,0,0,0,28271,0
daft,110,0,1,1,1,0,535,0
daft,110,1,1,1,0,0,19810,0
daft,110,2,1,1,1,0,28600,0
daft,110,3,1,1,0,0,59590,0
daft,110,4,1,1,1,0,21159,0
daft,111,0,0,0,0,0,11726,0
daft,111,1,0,0,0,0,31910,0
daft,111,2,0,0,0,0,47627,0
daft,111,3,0,0,0,0,77527,1
daft,111,4,0,0,0,0,43790,0
daft,111,0,1,1,0,0,5557,0
daft,111,1,1,0,0,0,56642,0
daft,111,2,1,0,0,0,21084,0
daft,111,3,1,1,1,0,26141,0
daft,111,4,1,0,0,0,77012,0
daft,112,0,0,0,0,0,20619,0
daft,112,1,0,0,0,0,10752,0
daft,112,2,0,0,0,0,23229,0
daft,112,3,0,0,0,0,27180,0
daft,112,4,0,0,0,0,11565,0
daft,112,0,1,0,0,0,52719,0
daft,112,1,1,0,0,0,26651,0
daft,112,2,1,0,0,0,28782,0
daft,112,3,1,0,0,0,28419,0
daft,112,4,1,0,0,0,36611,0
daft,113,0,0,0,0,0,19674,0
daft,113,1,0,0,0,0,16008,0
daft,113,2,0,0,0,0,38100,0
daft,113,3,0,0,0,0,32774,0
daft,113,4,0,1,0,0,22850,0
daft,113,0,1,1,0,0,11458,0
daft,113,1,1,1,0,0,14059,0
daft,113,2,1,1,0,0,17387,0
daft,113,3,1,1,1,0,5810,0
daft,113,4,1,0,0,0,5472,0
daft,114,0,0,0,0,0,24441,0
daft,114,1,0,0,0,0,72204,0
daft,114,2,0,0,0,0,54590,0
daft,114,3,0,0,0,0,94510,0
daft,114,4,0,0,0,0,98389,1
daft,114,0,1,1,0,0,23460,0
daft,114,1,1,1,0,0,20217,0
daft,114,2,1,1,0,0,4473,0
daft,114,3,1,1,0,0,23180,0
daft,114,4,1,1,0,0,7409,0
daft,115,0,0,0,0,0,40720,0
daft,115,1,0,0,0,0,106435,1
daft,115,2,0,0,0,0,38741,0
daft,115,3,0,0,0,0,18092,0
daft,115,4,0,0,0,0,98988,1
daft,115,0,1,1,0,0,13508,0
daft,115,1,1,1,0,0,3861,0
daft,115,2,1,1,0,0,6686,0
daft,115,3,1,1,0,0,9477,0
daft,115,4,1,1,0,0,23955,0
daft,117,0,0,1,0,0,32210,0
daft,117,1,0,1,0,0,9033,0
daft,117,2,0,1,0,0,23999,0
daft,117,3,0,1,0,0,4773,0
daft,117,4,0,1,0,0,8896,0
daft,117,0,1,1,0,0,7062,0
daft,117,1,1,1,0,0,6675,0
daft,117,2,1,1,0,0,9166,0
daft,117,3,1,1,0,0,7662,0
daft,117,4,1,1,0,0,9654,0
daft,118,0,0,0,0,0,6887,0
daft,118,1,0,0,0,0,52599,0
daft,118,2,0,0,0,0,112382,1
daft,118,3,0,0,0,0,17877,0
daft,118,4,0,0,0,0,7842,0
daft,118,0,1,1,0,0,5304,0
daft,118,1,1,1,0,0,11334,0
daft,118,2,1,1,0,0,4725,0
daft,118,3,1,1,0,0,1425,0
daft,118,4,1,1,0,0,8764,0
daft,119,0,0,0,0,0,17141,0
daft,119,1,0,0,0,0,21804,0
daft,119,2,0,0,0,0,29755,0
daft,119,3,0,0,0,0,17030,0
daft,119,4,0,0,0,0,15126,0
daft,119,0,1,0,0,0,25152,0
daft,119,1,1,0,0,0,12361,0
daft,119,2,1,0,0,0,32132,0
daft,119,3,1,0,0,0,31803,0
daft,119,4,1,1,0,0,5757,0
daft,120,0,0,0,0,0,70436,0
daft,120,1,0,0,0,0,47374,0
daft,120,2,0,0,0,0,77660,1
daft,120,3,0,0,0,0,31288,0
daft,120,4,0,0,0,0,61017,0
daft,120,0,1,1,0,0,24660,0
daft,120,1,1,1,0,0,63958,0
daft,120,2,1,0,0,0,3072,1
daft,120,3,1,0,0,0,43799,0
daft,120,4,1,1,1,0,43522,0
daft,122,0,0,0,0,0,8080,0
daft,122,1,0,0,0,0,35561,0
daft,122,2,0,0,0,0,20926,0
daft,122,3,0,0,0,0,25410,0
daft,122,4,0,0,0,0,24909,0
daft,122,0,1,1,0,0,2064,0
daft,122,1,1,0,0,0,10505,0
daft,122,2,1,1,1,0,612,0
daft,122,3,1,1,0,0,996,0
daft,122,4,1,1,1,0,276,0
daft,123,0,0,0,0,0,19084,0
daft,123,1,0,0,0,0,15162,0
daft,123,2,0,0,0,0,2952,0
daft,123,3,0,0,0,0,16580,0
daft,123,4,0,0,0,0,3804,0
daft,123,0,1,1,0,0,9253,0
daft,123,1,1,1,0,0,13692,0
daft,123,2,1,1,0,0,8805,0
daft,123,3,1,1,0,0,3720,0
daft,123,4,1,1,0,0,3484,0
daft,124,0,0,1,0,0,19081,0
daft,124,1,0,0,0,0,26945,0
daft,124,2,0,0,0,0,51880,0
daft,124,3,0,0,0,0,67460,1
daft,124,4,0,0,0,0,70728,1
daft,124,0,1,1,0,0,55469,0
daft,124,1,1,1,0,0,26241,0
daft,124,2,1,1,0,0,27408,0
daft,124,3,1,1,1,0,53623,0
daft,124,4,1,1,0,0,27863,0
daft,125,0,0,0,0,0,43647,0
daft,125,1,0,1,0,0,49938,0
daft,125,2,0,0,0,0,35558,0
daft,125,3,0,0,1,0,78292,1
daft,125,4,0,0,0,0,75722,1
daft,125,0,1,1,0,0,11991,0
daft,125,1,1,0,0,0,26748,0
daft,125,2,1,1,0,0,24886,0
daft,125,3,1,0,0,0,43487,0
daft,125,4,1,0,0,0,35705,0
daft,126,0,0,0,0,0,3669,0
daft,126,1,0,0,0,0,5003,0
daft,126,2,0,1,0,0,30418,0
daft,126,3,0,1,0,0,22861,0
daft,126,4,0,1,0,0,53394,0
daft,126,0,1,1,1,0,29247,0
daft,126,1,1,0,0,0,66951,1
daft,126,2,1,1,0,0,32120,0
daft,126,3,1,1,0,0,35425,0
daft,126,4,1,1,0,0,23284,0
daft,127,0,0,0,0,0,75493,1
daft,127,1,0,0,0,0,71465,0
daft,127,2,0,0,0,0,43792,0
daft,127,3,0,0,0,0,48438,0
daft,127,4,0,0,0,0,63056,1
daft,127,0,1,0,0,0,79301,1
daft,127,1,1,0,0,0,10556,0
daft,127,2,1,0,0,0,23790,0
daft,127,3,1,0,0,0,34112,0
daft,127,4,1,1,0,0,20749,0
daft,128,0,0,0,0,0,75843,1
daft,128,1,0,1,0,0,41400,0
daft,128,2,0,0,0,0,31954,0
daft,128,3,0,0,0,0,43865,0
daft,128,4,0,0,0,0,73057,1
daft,128,0,1,1,0,0,20426,0
daft,128,1,1,1,0,0,66346,0
daft,128,2,1,0,0,0,66941,1
daft,128,3,1,1,0,0,27327,0
daft,128,4,1,0,0,0,72424,1
daft,132,0,0,0,0,0,20208,0
daft,132,1,0,0,0,0,58059,0
daft,132,2,0,0,0,0,44361,0
daft,132,3,0,0,0,0,86659,1
daft,132,4,0,0,0,0,20558,0
daft,132,0,1,1,0,0,83038,0
daft,132,1,1,1,0,0,51207,0
daft,132,2,1,0,0,0,37913,0
daft,132,3,1,1,0,0,49967,0
daft,132,4,1,1,0,0,23354,0
daft,133,0,0,0,0,0,21657,0
daft,133,1,0,0,0,0,67065,0
daft,133,2,0,0,0,0,18499,0
daft,133,3,0,0,0,0,41813,0
daft,133,4,0,0,0,0,36959,0
daft,133,0,1,1,0,0,88081,0
daft,133,1,1,1,0,0,58208,0
daft,133,2,1,0,0,0,113884,1
daft,133,3,1,0,0,0,86608,1
daft,133,4,1,1,0,0,114030,0
daft,135,0,0,0,0,0,32007,0
daft,135,1,0,0,0,0,37615,0
daft,135,2,0,0,0,0,17836,0
daft,135,3,0,0,0,0,81317,1
daft,135,4,0,0,0,0,32344,0
daft,135,0,1,1,0,0,77296,0
daft,135,1,1,0,0,0,34076,0
daft,135,2,1,1,1,0,29801,0
daft,135,3,1,1,0,0,70506,0
daft,135,4,1,0,0,0,43651,0
daft,136,0,0,1,0,0,5347,0
daft,136,1,0,1,0,0,28773,0
daft,136,2,0,1,0,0,6135,0
daft,136,3,0,1,0,0,17087,0
daft,136,4,0,1,0,0,40509,0
daft,136,0,1,1,0,0,64843,0
daft,136,1,1,1,0,0,8642,0
daft,136,2,1,1,0,0,4310,0
daft,136,3,1,1,1,0,5044,0
daft,136,4,1,1,0,0,23075,0
daft,137,0,0,0,0,0,91594,0
daft,137,1,0,0,0,0,81059,0
daft,137,2,0,0,0,0,40827,0
daft,137,3,0,0,0,0,68941,0
daft,137,4,0,0,0,0,23401,0
daft,137,0,1,1,0,0,32296,0
daft,137,1,1,0,0,0,38948,0
daft,137,2,1,1,0,0,2769,0
daft,137,3,1,1,0,0,30655,0
daft,137,4,1,0,0,0,43538,0
daft,138,0,0,0,0,0,19611,0
daft,138,1,0,0,0,0,15030,0
daft,138,2,0,0,0,0,32697,0
daft,138,3,0,0,0,0,38816,0
daft,138,4,0,0,0,0,29428,0
daft,138,0,1,1,1,0,572,0
daft,138,1,1,1,1,0,528,0
daft,138,2,1,1,1,0,2048,0
daft,138,3,1,1,1,0,911,0
daft,138,4,1,1,1,0,1495,0
daft,139,0,0,1,0,0,33308,0
daft,139,1,0,1,0,0,31325,0
daft,139,2,0,1,0,0,45124,0
daft,139,3,0,0,0,0,50638,0
daft,139,4,0,1,0,0,88484,0
daft,139,0,1,1,0,0,75372,0
daft,139,1,1,1,0,0,80622,0
daft,139,2,1,1,0,0,25302,0
daft,139,3,1,0,0,0,29751,0
daft,139,4,1,1,0,0,24503,0
daft,140,0,0,0,0,0,8895,0
daft,140,1,0,0,0,0,8675,0
daft,140,2,0,0,0,0,39795,0
daft,140,3,0,0,0,0,14903,0
daft,140,4,0,0,0,0,6915,0
daft,140,0,1,1,0,0,299,0
daft,140,1,1,1,0,0,76,0
daft,140,2,1,1,0,0,114,0
daft,140,3,1,1,0,0,1182,0
daft,140,4,1,0,1,0,4108,0
daft,141,0,0,0,0,0,47918,0
daft,141,1,0,0,0,0,109982,1
daft,141,2,0,0,0,0,78617,0
daft,141,3,0,0,0,0,11488,0
daft,141,4,0,0,0,0,25359,0
daft,141,0,1,1,1,0,4080,0
daft,141,1,1,1,1,0,453,0
daft,141,2,1,1,1,0,301,0
daft,141,3,1,0,0,0,8955,0
daft,141,4,1,1,0,0,439,0
daft,142,0,0,0,0,0,27617,0
daft,142,1,0,0,0,0,57221,0
daft,142,2,0,0,0,0,61012,0
daft,142,3,0,0,0,0,90916,1
daft,142,4,0,0,0,0,13706,0
daft,142,0,1,1,0,0,10963,0
daft,142,1,1,1,0,0,13336,0
daft,142,2,1,1,0,0,33148,0
daft,142,3,1,1,0,0,12765,0
daft,142,4,1,1,0,0,1086,0
daft,143,0,0,0,0,0,46940,0
daft,143,1,0,0,0,0,50024,0
daft,143,2,0,0,0,0,43193,0
daft,143,3,0,0,0,0,87819,0
daft,143,4,0,0,0,0,34088,0
daft,143,0,1,0,0,0,67602,0
daft,143,1,1,0,0,0,38812,0
daft,143,2,1,0,0,0,65659,0
daft,143,3,1,0,0,0,61670,0
daft,143,4,1,0,0,0,37918,0
daft,144,0,0,0,0,0,73860,0
daft,144,1,0,0,0,0,100115,1
daft,144,2,0,0,0,0,59435,0
daft,144,3,0,0,0,0,82625,0
daft,144,4,0,0,0,0,30689,0
daft,144,0,1,0,0,0,53360,0
daft,144,1,1,0,0,0,32718,0
daft,144,2,1,0,0,0,32955,0
daft,144,3,1,0,0,0,28790,0
daft,144,4,1,0,0,0,41602,0
daft,145,0,0,1,0,0,23729,0
daft,145,1,0,1,0,0,37322,0
daft,145,2,0,1,0,0,28236,0
daft,145,3,0,0,0,0,18803,0
daft,145,4,0,1,0,0,58736,0
daft,145,0,1,1,1,0,13307,0
daft,145,1,1,1,1,0,5623,0
daft,145,2,1,1,0,0,38951,0
daft,145,3,1,1,0,0,4322,0
daft,145,4,1,1,1,0,10051,0
daft,146,0,0,0,0,0,29123,0
daft,146,1,0,0,0,0,27826,0
daft,146,2,0,0,0,0,21892,0
daft,146,3,0,0,0,0,21912,0
daft,146,4,0,0,0,0,11963,0
daft,146,0,1,1,1,0,25170,0
daft,146,1,1,1,1,0,7050,0
daft,146,2,1,1,1,0,10333,0
daft,146,3,1,1,0,0,58793,0
daft,146,4,1,0,0,0,29877,0
daft,147,0,0,0,0,0,91861,1
daft,147,1,0,0,0,0,96346,1
daft,147,2,0,0,0,0,83171,0
daft,147,3,0,0,0,0,93846,1
daft,147,4,0,0,0,0,96485,1
daft,147,0,1,0,0,0,90639,1
daft,147,1,1,1,0,0,53938,0
daft,147,2,1,1,1,0,649,0
daft,147,3,1,0,0,0,22609,0
daft,147,4,1,0,0,0,94402,1
daft,148,0,0,0,0,0,15117,0
daft,148,1,0,1,0,0,52232,0
daft,148,2,0,0,0,0,37762,0
daft,148,3,0,0,0,0,15655,0
daft,148,4,0,0,0,0,54183,0
daft,148,0,1,1,0,0,19174,0
daft,148,1,1,1,0,0,13735,0
daft,148,2,1,0,0,0,16386,0
daft,148,3,1,0,0,0,40906,0
daft,148,4,1,0,0,0,13981,0
daft,150,0,0,1,0,0,12471,0
daft,150,1,0,1,0,0,22195,0
daft,150,2,0,1,0,0,8630,0
daft,150,3,0,1,0,0,6276,0
daft,150,4,0,1,0,0,5404,0
daft,150,0,1,1,0,0,6768,0
daft,150,1,1,1,0,0,7549,0
daft,150,2,1,1,0,0,1879,0
daft,150,3,1,1,0,0,2727,0
daft,150,4,1,1,0,0,5734,0
daft,152,0,0,0,0,0,15768,0
daft,152,1,0,1,0,0,24192,0
daft,152,2,0,0,0,0,14599,0
daft,152,3,0,0,0,0,12675,0
daft,152,4,0,0,0,0,14661,0
daft,152,0,1,0,0,0,8342,0
daft,152,1,1,0,0,0,9122,0
daft,152,2,1,0,0,0,16987,0
daft,152,3,1,0,0,0,14705,0
daft,152,4,1,1,0,0,529,0
daft,153,0,0,0,0,0,94665,1
daft,153,1,0,0,0,0,94901,1
daft,153,2,0,0,0,0,41701,0
daft,153,3,0,0,0,0,5574,0
daft,153,4,0,0,0,0,26395,0
daft,153,0,1,1,0,0,54100,0
daft,153,1,1,0,0,0,29128,0
daft,153,2,1,1,0,0,61451,0
daft,153,3,1,1,1,0,2948,0
daft,153,4,1,0,0,0,17399,0
daft,154,0,0,0,0,0,9936,0
daft,154,1,0,0,0,0,14705,0
daft,154,2,0,1,0,0,19713,0
daft,154,3,0,0,0,0,7921,0
daft,154,4,0,0,0,0,37021,0
daft,154,0,1,1,0,0,26549,0
daft,154,1,1,1,1,0,23194,0
daft,154,2,1,0,0,0,17890,0
daft,154,3,1,1,0,0,9023,0
daft,154,4,1,1,0,0,29637,0
daft,155,0,0,0,0,0,13582,0
daft,155,1,0,0,0,0,5237,0
daft,155,2,0,0,0,0,29910,0
daft,155,3,0,0,0,0,20061,0
daft,155,4,0,0,0,0,10168,0
daft,155,0,1,1,0,0,7450,0
daft,155,1,1,0,0,0,14710,0
daft,155,2,1,1,0,0,10501,0
daft,155,3,1,0,0,0,9642,0
daft,155,4,1,1,0,0,6599,0
daft,156,0,0,0,0,0,18296,0
daft,156,1,0,1,0,0,25541,0
daft,156,2,0,1,0,0,15133,0
daft,156,3,0,1,0,0,14288,0
daft,156,4,0,1,0,0,16100,0
daft,156,0,1,1,0,0,18711,0
daft,156,1,1,1,0,0,16068,0
daft,156,2,1,1,0,0,8984,0
daft,156,3,1,1,0,0,14513,0
daft,156,4,1,1,0,0,15144,0
daft,158,0,0,0,0,0,69322,1
daft,158,1,0,0,0,0,73195,1
daft,158,2,0,0,0,0,30411,0
daft,158,3,0,1,0,0,40402,0
daft,158,4,0,1,0,0,67349,0
daft,158,0,1,0,0,0,87963,1
daft,158,1,1,0,0,0,69915,1
daft,158,2,1,1,0,0,26329,0
daft,158,3,1,1,0,0,49569,0
daft,158,4,1,0,0,0,91709,1
daft,159,0,0,0,0,0,44013,0
daft,159,1,0,0,0,0,87198,1
daft,159,2,0,1,0,0,50399,0
daft,159,3,0,1,0,0,41527,0
daft,159,4,0,0,1,0,87184,1
daft,159,0,1,0,0,0,30908,0
daft,159,1,1,1,1,0,25080,0
daft,159,2,1,0,0,0,4221,1
daft,159,3,1,1,0,0,38400,0
daft,159,4,1,1,0,0,18741,0
daft,161,0,0,1,0,0,27749,0
daft,161,1,0,1,0,0,31222,0
daft,161,2,0,1,0,0,39708,0
daft,161,3,0,0,0,0,19662,0
daft,161,4,0,1,0,0,23885,0
daft,161,0,1,1,0,0,14272,0
daft,161,1,1,1,0,0,17583,0
daft,161,2,1,1,1,0,15800,0
daft,161,3,1,0,0,0,12140,0
daft,161,4,1,0,0,0,4994,0
daft,162,0,0,0,0,0,67188,1
daft,162,1,0,0,0,0,49637,0
daft,162,2,0,0,0,0,46368,0
daft,162,3,0,0,0,0,75323,0
daft,162,4,0,1,0,0,35663,0
daft,162,0,1,0,0,0,93098,1
daft,162,1,1,0,0,0,55628,0
daft,162,2,1,1,0,0,37483,0
daft,162,3,1,1,0,0,18530,0
daft,162,4,1,1,0,0,22340,0
daft,163,0,0,0,0,0,98593,1
daft,163,1,0,0,0,0,101730,1
daft,163,2,0,0,0,0,104958,1
daft,163,3,0,0,0,0,24844,0
daft,163,4,0,1,0,0,28359,0
daft,163,0,1,0,0,0,34896,0
daft,163,1,1,0,0,0,19067,0
daft,163,2,1,1,1,0,67596,0
daft,163,3,1,0,0,0,82975,0
daft,163,4,1,1,0,0,28087,0
daft,164,0,0,1,0,0,15231,0
daft,164,1,0,0,0,0,10984,0
daft,164,2,0,0,0,0,15406,0
daft,164,3,0,0,0,0,15297,0
daft,164,4,0,1,0,0,23663,0
daft,164,0,1,0,0,0,17785,0
daft,164,1,1,1,0,0,16644,0
daft,164,2,1,0,0,0,14114,0
daft,164,3,1,1,0,0,10350,0
daft,164,4,1,1,0,0,17174,0
daft,165,0,0,0,0,0,48247,0
daft,165,1,0,0,0,0,67175,0
daft,165,2,0,0,0,0,17541,0
daft,165,3,0,0,0,0,17684,0
daft,165,4,0,0,0,0,11640,0
daft,165,0,1,1,0,0,26005,0
daft,165,1,1,1,0,0,1668,0
daft,165,2,1,1,0,0,39754,0
daft,165,3,1,1,0,0,21924,0
daft,165,4,1,0,0,0,77914,1
daft,167,0,0,0,0,0,39762,0
daft,167,1,0,0,0,0,23971,0
daft,167,2,0,0,0,0,33112,0
daft,167,3,0,0,0,0,50386,0
daft,167,4,0,0,0,0,59185,0
daft,167,0,1,1,0,0,7973,0
daft,167,1,1,1,1,0,3637,0
daft,167,2,1,1,0,0,540,0
daft,167,3,1,1,1,0,3055,0
daft,167,4,1,1,1,0,1043,0
daft,168,0,0,0,1,0,41940,0
daft,168,1,0,0,0,0,32348,0
daft,168,2,0,0,0,0,19056,0
daft,168,3,0,0,0,0,50897,0
daft,168,4,0,0,0,0,14391,0
daft,168,0,1,1,0,0,10777,0
daft,168,1,1,1,0,0,40097,0
daft,168,2,1,1,1,0,2188,0
daft,168,3,1,1,0,0,14335,0
daft,168,4,1,1,0,0,63807,0
daft,169,0,0,0,0,0,15538,0
daft,169,1,0,0,0,0,20878,0
daft,169,2,0,0,0,0,21737,0
daft,169,3,0,1,0,0,24426,0
daft,169,4,0,0,0,0,30738,0
daft,169,0,1,0,0,0,19178,0
daft,169,1,1,0,0,0,51586,0
daft,169,2,1,0,0,0,20884,0
daft,169,3,1,0,0,0,13463,0
daft,169,4,1,0,0,0,277,1
daft,171,0,0,1,0,0,11662,0
daft,171,1,0,0,0,0,29697,0
daft,171,2,0,1,0,0,17534,0
daft,171,3,0,1,0,0,13715,0
daft,171,4,0,1,0,0,28623,0
daft,171,0,1,1,0,0,19494,0
daft,171,1,1,1,0,0,12814,0
daft,171,2,1,0,0,0,7881,0
daft,171,3,1,1,0,0,14250,0
daft,171,4,1,1,0,0,12596,0
daft,172,0,0,0,0,0,12486,0
daft,172,1,0,0,0,0,11875,0
daft,172,2,0,0,0,0,38910,0
daft,172,3,0,0,0,0,39949,0
daft,172,4,0,0,0,0,20367,0
daft,172,0,1,0,0,0,11051,0
daft,172,1,1,0,0,0,38439,0
daft,172,2,1,0,0,0,102343,1
daft,172,3,1,1,0,0,28373,0
daft,172,4,1,0,0,0,49770,0
daft,173,0,0,1,0,0,53142,0
daft,173,1,0,1,0,0,36509,0
daft,173,2,0,1,0,0,38444,0
daft,173,3,0,0,0,0,54112,0
daft,173,4,0,1,0,0,41087,0
daft,173,0,1,0,0,0,41892,0
daft,173,1,1,1,0,0,45193,0
daft,173,2,1,1,0,0,50665,0
daft,173,3,1,1,0,0,42580,0
daft,173,4,1,1,0,0,59304,0
daft,175,0,0,0,0,0,60978,0
daft,175,1,0,0,0,0,89926,1
daft,175,2,0,0,0,0,33191,0
daft,175,3,0,0,0,0,16557,0
daft,175,4,0,0,0,0,19859,0
daft,175,0,1,0,1,0,56207,0
daft,175,1,1,1,0,0,11340,0
daft,175,2,1,1,1,0,65049,0
daft,175,3,1,1,0,0,13541,0
daft,175,4,1,1,0,0,5204,0
daft,176,0,0,1,0,0,90644,0
daft,176,1,0,1,0,0,33870,0
daft,176,2,0,1,0,0,51284,0
daft,176,3,0,1,0,0,39343,0
daft,176,4,0,1,0,0,98876,0
daft,176,0,1,1,0,0,69035,0
daft,176,1,1,1,1,0,15092,0
daft,176,2,1,1,0,0,45140,0
daft,176,3,1,1,0,0,14680,0
daft,176,4,1,1,0,0,22357,0
daft,177,0,0,0,0,0,43918,0
daft,177,1,0,0,0,0,14450,0
daft,177,2,0,0,0,0,51009,0
daft,177,3,0,0,0,0,21868,0
daft,177,4,0,0,0,0,20175,0
daft,177,0,1,1,0,0,25190,0
daft,177,1,1,1,0,0,56687,0
daft,177,2,1,1,0,0,21938,0
daft,177,3,1,1,0,0,37398,0
daft,177,4,1,0,0,0,7240,1
daft,178,0,0,0,0,0,29715,0
daft,178,1,0,0,0,0,36736,0
daft,178,2,0,0,0,0,40978,0
daft,178,3,0,0,0,0,32799,0
daft,178,4,0,0,0,0,73001,0
daft,178,0,1,1,1,0,9552,0
daft,178,1,1,1,0,0,13542,0
daft,178,2,1,1,0,0,22259,0
daft,178,3,1,0,0,0,49086,0
daft,178,4,1,0,0,0,50278,0
daft,181,0,0,0,0,0,15221,0
daft,181,1,0,0,0,0,11272,0
daft,181,2,0,0,0,0,79478,0
daft,181,3,0,0,0,0,47224,0
daft,181,4,0,0,0,0,18930,0
daft,181,0,1,1,1,0,4302,0
daft,181,1,1,1,0,0,12760,0
daft,181,2,1,1,0,0,20704,0
daft,181,3,1,1,0,0,4826,0
daft,181,4,1,1,0,0,3829,0
daft,183,0,0,0,0,0,28666,0
daft,183,1,0,0,0,0,15611,0
daft,183,2,0,0,0,0,84644,0
daft,183,3,0,1,0,0,51838,0
daft,183,4,0,0,0,0,15737,0
daft,183,0,1,1,0,0,710,0
daft,183,1,1,1,0,0,4167,0
daft,183,2,1,1,1,0,6796,0
daft,183,3,1,1,0,0,344,0
daft,183,4,1,1,0,0,31142,0
daft,184,0,0,0,0,0,71670,1
daft,184,1,0,0,0,0,66513,0
daft,184,2,0,0,0,0,60329,0
daft,184,3,0,1,0,0,40087,0
daft,184,4,0,0,0,0,26154,0
daft,184,0,1,0,0,0,51050,0
daft,184,1,1,0,0,0,38133,0
daft,184,2,1,1,0,0,29779,0
daft,184,3,1,1,0,0,23743,0
daft,184,4,1,1,0,0,17519,0
daft,185,0,0,0,0,0,5819,0
daft,185,1,0,0,0,0,10927,0
daft,185,2,0,0,0,0,7698,0
daft,185,3,0,0,0,0,15008,0
daft,185,4,0,0,0,0,24871,0
daft,185,0,1,0,0,0,8079,0
daft,185,1,1,0,0,0,26418,0
daft,185,2,1,0,0,0,15626,0
daft,185,3,1,0,0,0,23728,0
daft,185,4,1,0,0,0,31251,0
daft,186,0,0,0,0,0,74026,0
daft,186,1,0,0,0,0,42047,0
daft,186,2,0,0,0,0,103210,1
daft,186,3,0,0,0,0,19060,0
daft,186,4,0,0,0,0,21416,0
daft,186,0,1,0,0,0,43837,0
daft,186,1,1,1,0,0,27743,0
daft,186,2,1,1,0,0,29826,0
daft,186,3,1,0,0,0,97800,1
daft,186,4,1,0,0,0,95505,1
daft,189,0,0,1,0,0,7187,0
daft,189,1,0,1,0,0,12987,0
daft,189,2,0,0,0,0,1613,1
daft,189,3,0,1,0,0,12365,0
daft,189,4,0,1,0,0,10744,0
daft,189,0,1,1,0,0,6057,0
daft,189,1,1,1,0,0,4192,0
daft,189,2,1,1,0,0,15937,0
daft,189,3,1,1,0,0,4330,0
daft,189,4,1,1,1,0,9708,0
daft,190,0,0,0,0,0,36282,0
daft,190,1,0,0,0,0,39891,0
daft,190,2,0,0,0,0,106958,1
daft,190,3,0,0,0,0,98618,1
daft,190,4,0,0,0,0,89792,0
daft,190,0,1,0,0,0,51592,0
daft,190,1,1,1,0,0,46048,0
daft,190,2,1,1,1,0,15559,0
daft,190,3,1,0,0,0,63990,0
daft,190,4,1,0,0,0,47872,0
daft,192,0,0,0,0,0,26760,0
daft,192,1,0,0,0,0,15786,0
daft,192,2,0,0,0,0,61052,0
daft,192,3,0,0,0,0,56366,0
daft,192,4,0,0,0,0,33039,0
daft,192,0,1,0,0,0,21705,0
daft,192,1,1,0,0,0,22665,0
daft,192,2,1,0,0,0,13058,0
daft,192,3,1,0,0,0,15098,0
daft,192,4,1,0,0,0,30237,0
daft,193,0,0,0,1,0,82018,1
daft,193,1,0,1,0,0,25294,0
daft,193,2,0,1,0,0,75604,0
daft,193,3,0,1,0,0,56476,0
daft,193,4,0,0,0,0,57066,0
daft,193,0,1,1,0,0,57815,0
daft,193,1,1,1,1,0,20998,0
daft,193,2,1,1,1,0,34398,0
daft,193,3,1,1,1,0,59912,0
daft,193,4,1,1,1,0,53924,0
daft,194,0,0,1,0,0,3311,0
daft,194,1,0,1,0,0,1995,0
daft,194,2,0,1,0,0,4721,0
daft,194,3,0,1,0,0,4397,0
daft,194,4,0,1,0,0,2685,0
daft,194,0,1,1,0,0,3307,0
daft,194,1,1,1,0,0,1440,0
daft,194,2,1,1,0,0,3122,0
daft,194,3,1,1,0,0,4328,0
daft,194,4,1,1,0,0,2262,0
daft,196,0,0,0,0,0,104656,1
daft,196,1,0,0,0,0,79449,0
daft,196,2,0,0,0,0,96127,1
daft,196,3,0,0,0,0,31269,0
daft,196,4,0,0,0,0,97569,0
daft,196,0,1,0,0,0,87922,0
daft,196,1,1,0,0,0,85180,0
daft,196,2,1,1,0,0,19844,0
daft,196,3,1,0,1,0,66048,0
daft,196,4,1,1,1,0,52136,0
daft,197,0,0,1,0,0,46450,0
daft,197,1,0,1,0,0,27168,0
daft,197,2,0,1,0,0,50954,0
daft,197,3,0,0,0,0,27217,0
daft,197,4,0,1,0,0,82559,0
daft,197,0,1,0,0,0,22253,0
daft,197,1,1,1,0,0,7962,0
daft,197,2,1,1,0,0,29477,0
daft,197,3,1,1,0,0,52306,0
daft,197,4,1,1,0,0,16755,0
